<application>
  <component name="LessonStateBase">
    <option name="map">
      <map>
        <entry key="actions" value="PASSED" />
        <entry key="codeassistance.localhistory" value="PASSED" />
        <entry key="codeassistance.parameterinfo" value="PASSED" />
        <entry key="codeassistance.quickpopups" value="PASSED" />
        <entry key="collapse" value="PASSED" />
        <entry key="completion with tab" value="PASSED" />
        <entry key="declaration and usages" value="NOT_PASSED" />
        <entry key="duplicate" value="PASSED" />
        <entry key="git.annotate" value="NOT_PASSED" />
        <entry key="git.basicworkflow" value="NOT_PASSED" />
        <entry key="git.changelistsandshelf" value="NOT_PASSED" />
        <entry key="git.commit" value="PASSED" />
        <entry key="git.interactiverebase" value="NOT_PASSED" />
        <entry key="git.projecthistory" value="PASSED" />
        <entry key="git.quickstart" value="PASSED" />
        <entry key="go.basic.and.smart.completion" value="PASSED" />
        <entry key="go.basic.completion" value="PASSED" />
        <entry key="go.code.formatting" value="PASSED" />
        <entry key="go.comment.line" value="PASSED" />
        <entry key="go.context.actions" value="PASSED" />
        <entry key="go.debug.function.calls" value="NOT_PASSED" />
        <entry key="go.dump.goroutines" value="NOT_PASSED" />
        <entry key="go.extract.method.refactoring.with.returns" value="PASSED" />
        <entry key="go.extract.variable" value="PASSED" />
        <entry key="go.file.structure" value="NOT_PASSED" />
        <entry key="go.find.in.files" value="NOT_PASSED" />
        <entry key="go.generating.tests.for.generics" value="NOT_PASSED" />
        <entry key="go.generics.implement.missing.methods" value="PASSED" />
        <entry key="go.generics.inspections" value="PASSED" />
        <entry key="go.navigation.comments" value="NOT_PASSED" />
        <entry key="go.navigation.internal.and.build.constraints" value="NOT_PASSED" />
        <entry key="go.onboarding.tour" value="PASSED" />
        <entry key="go.postfix.completion" value="PASSED" />
        <entry key="go.recent.files.and.locations" value="NOT_PASSED" />
        <entry key="go.refactoring.menu.lesson.name" value="NOT_PASSED" />
        <entry key="go.release.add.method.to.interface" value="PASSED" />
        <entry key="go.rename.refactoring" value="PASSED" />
        <entry key="go.run.configuration" value="NOT_PASSED" />
        <entry key="go.run.debug.playground" value="NOT_PASSED" />
        <entry key="go.run.fuzz.testing" value="NOT_PASSED" />
        <entry key="go.running.gofmt" value="PASSED" />
        <entry key="go.smart.type.completion" value="PASSED" />
        <entry key="go.support.for.table.tests" value="NOT_PASSED" />
        <entry key="go.using.generics" value="NOT_PASSED" />
        <entry key="go.view.hierarchies.lesson" value="NOT_PASSED" />
        <entry key="go.working.with.json" value="NOT_PASSED" />
        <entry key="java.occurrences.lesson" value="NOT_PASSED" />
        <entry key="move" value="PASSED" />
        <entry key="multiple selections" value="PASSED" />
        <entry key="search everywhere" value="NOT_PASSED" />
        <entry key="select" value="PASSED" />
        <entry key="statement completion" value="PASSED" />
        <entry key="surround and unwrap" value="PASSED" />
      </map>
    </option>
  </component>
</application>