<application>
  <component name="Trusted.Paths">
    <option name="TRUSTED_PROJECT_PATHS">
      <map>
        <entry key="C:\Users\uipko\AppData\Local\JetBrains\GoLand2024.2\demo\LearnGoProject" value="true" />
        <entry key="C:\Users\uipko\Documents\GitHub\HauntedHarvesters" value="true" />
        <entry key="C:\Users\uipko\Documents\GitHub\HauntedHarvesters\.idea\.idea.HarvestHaunters" value="true" />
        <entry key="C:\Users\uipko\Documents\GitHub\Ira" value="true" />
        <entry key="C:\Users\uipko\Documents\GitHub\Ira\.idea\.idea.Ira" value="true" />
        <entry key="C:\Users\uipko\Documents\GitHub\SI_Prototype" value="true" />
        <entry key="C:\Users\uipko\Documents\GitHub\SI_Prototype\.idea\.idea.SI_Prototype" value="true" />
        <entry key="C:\Users\uipko\Downloads\gc_ai_programmer_tt" value="true" />
        <entry key="C:\Users\uipko\Downloads\gc_ai_programmer_tt\.idea\.idea.AIDevTest" value="true" />
        <entry key="C:\Users\uipko\OneDrive\Documents\Unreal Projects\ActionPlatformer" value="true" />
        <entry key="C:\Users\uipko\OneDrive\Documents\Unreal Projects\ActionPlatformer\.idea\.idea.ActionPlatformer" value="true" />
        <entry key="C:\Users\uipko\OneDrive\Documents\Unreal Projects\CobraCode" value="true" />
        <entry key="C:\Users\uipko\OneDrive\Documents\Unreal Projects\CobraCode\.idea\.idea.CobraCode" value="true" />
        <entry key="C:\Users\uipko\OneDrive\Documents\Unreal Projects\Draw!" value="true" />
        <entry key="C:\Users\uipko\OneDrive\Documents\Unreal Projects\Draw!\.idea\.idea.CobraCode" value="true" />
        <entry key="C:\Users\uipko\OneDrive\Documents\Unreal Projects\MashRunner" value="true" />
        <entry key="C:\Users\uipko\OneDrive\Documents\Unreal Projects\MashRunner\.idea\.idea.MashRunner" value="true" />
        <entry key="C:\Users\uipko\OneDrive\Documents\Unreal Projects\MegaManRipOff" value="true" />
        <entry key="C:\Users\uipko\OneDrive\Documents\Unreal Projects\MegaManRipOff\.idea\.idea.MegaManRipOff" value="true" />
        <entry key="C:\Users\uipko\OneDrive\Documents\Unreal Projects\MegaManRipOff\.idea\.idea.MegaManRipOff.dir" value="true" />
        <entry key="\\wsl.localhost\Ubuntu\home\uipko\piscine-go" value="true" />
      </map>
    </option>
  </component>
</application>