<application>
  <component name="DimensionService">
    <size key="GridCell.Tab.0.left.0.0.1920.1080" width="1854" height="307" />
    <size key="GridCell.Tab.0.center.0.0.1920.1080" width="1854" height="307" />
    <size key="GridCell.Tab.0.right.0.0.1920.1080" width="1854" height="307" />
    <size key="GridCell.Tab.0.bottom.0.0.1920.1080" width="1854" height="307" />
    <size key="GridCell.Tab.1.left.0.0.1920.1080" width="1854" height="307" />
    <size key="GridCell.Tab.1.center.0.0.1920.1080" width="1854" height="307" />
    <size key="GridCell.Tab.1.right.0.0.1920.1080" width="1854" height="307" />
    <size key="GridCell.Tab.1.bottom.0.0.1920.1080" width="1854" height="307" />
  </component>
  <component name="WindowManager">
    <frame x="260" y="20" width="1400" height="992" extendedState="6" />
  </component>
  <component name="WindowStateApplicationService">
    <state x="811" y="285" key="FileChooserDialogImpl" timestamp="1725999253045">
      <screen x="0" y="0" width="1920" height="1032" />
    </state>
    <state x="811" y="285" key="FileChooserDialogImpl/0.0.1920.1032/-1920.0.1920.1032/1920.0.1280.672" timestamp="1725999253045" />
    <state x="540" y="185" key="IDE.errors.dialog" timestamp="1725998853470">
      <screen x="0" y="0" width="1920" height="1032" />
    </state>
    <state x="540" y="185" key="IDE.errors.dialog/0.0.1920.1032/-1920.0.1920.1032/1920.0.1280.672" timestamp="1725998853470" />
    <state x="960" y="452" width="800" height="650" key="WELCOME_SCREEN" timestamp="1725999238306">
      <screen x="0" y="0" width="1920" height="1032" />
    </state>
    <state x="960" y="452" width="800" height="650" key="WELCOME_SCREEN/0.0.1920.1032/-1920.0.1920.1032/1920.0.1280.672" timestamp="1725999238306" />
  </component>
</application>